dex_number,name,form,evolves_from_id,evolves_from_form,type1,type2,stage,ability1,ability2,hidden_ability,hp,attack,defense,sp_attack,sp_defense,speed,evolution_method,mega,obtain_method,description
698,Amaura,,,,Rock,Ice,base,Refrigerate,,Snow Warning,77,59,50,67,63,46,,,,
699,Aurorus,,698,,Rock,Ice,evo,Refrigerate,,Snow Warning,123,77,72,99,92,58,"Level 39 (Oracle)",,,
840,Applin,,,,Grass,Dragon,base,Ripen,Gluttony,Bulletproof,40,40,80,40,40,20,,,,"Unique Mechanic: Gym-Based Evolution\nApplin evolves into different Pokemon depending on which gym you're in. Gyms are randomized in Emerald Blitz, so cross your fingers to get Fortree, Lavaridge, or Rustboro early,"
841,Flapple,,840,,Grass,Dragon,evo,Ripen,Gluttony,Hustle,70,110,80,95,60,70,"Level up in Fortree Gym",,,
842,Appletun,,840,,Grass,Dragon,evo,Ripen,Gluttony,Thick Fat,110,85,80,100,80,30,"Level up in Lavaridge Gym",,,
843,Dipplin,,840,,Grass,Dragon,evo,Supersweet Syrup,Gluttony,Sticky Hold,80,80,110,95,80,40,"Level up in Rustboro Gym",,,
844,Hydrapple,,843,,Grass,Dragon,evo,Supersweet Syrup,Regenerator,Sticky Hold,106,80,110,120,80,44,"Level 42",,,
566,Archen,,,,Rock,Flying,base,Defeatist,,,55,112,45,74,45,70,,,,
567,Archeops,,566,,Rock,Flying,evo,Defeatist,,,75,140,65,112,65,110,"Level 37 (Oracle)",,,
304,Aron,,,,Steel,Rock,base,Sturdy,Rock Head,Heavy Metal,50,70,100,40,40,30,,"Stage 2",,
305,Lairon,,304,,Steel,Rock,evo,Sturdy,Rock Head,Heavy Metal,60,90,140,50,50,40,"Level 32 (Guru)","Stage 2",,
306,Aggron,,305,,Steel,Rock,evo,Sturdy,Rock Head,Heavy Metal,70,110,180,60,60,50,"Level 42","Stage 2",,
306,Mega Aggron,Mega,306,,Steel,,mega,Filter,,,70,140,230,60,80,50,Aggronite,"Stage 2",,
371,Bagon,,,,Dragon,,base,Rock Head,,Sheer Force,45,75,60,40,30,50,,"Stage 2",,
372,Shelgon,,371,,Dragon,,evo,Rock Head,,Overcoat,65,95,100,60,50,50,"Level 30","Stage 2",,
373,Salamence,,372,,Dragon,Flying,evo,Intimidate,,Moxie,95,135,80,110,80,100,"Level 50","Stage 2",,
373,Mega Salamence,Mega,373,,Dragon,Flying,mega,Aerilate,,,95,145,130,120,90,120,Salamencite,"Stage 2",,
374,Beldum,,,,Steel,Psychic,base,Clear Body,,Light Metal,40,55,80,35,60,30,,"Stage 2",,
375,Metang,,374,,Steel,Psychic,evo,Clear Body,,Light Metal,60,75,100,55,80,50,"Level 20","Stage 2",,
376,Metagross,,375,,Steel,Psychic,evo,Clear Body,,Light Metal,80,135,130,95,90,70,"Level 45","Stage 2",,
376,Mega Metagross,Mega,376,,Steel,Psychic,mega,Tough Claws,,,80,145,150,105,110,110,Metagrossite,"Stage 2",,
824,Blipbug,,,,Bug,,base,Swarm,Compound Eyes,Telepathy,25,20,20,25,45,45,,,,
825,Dottler,,824,,Bug,Psychic,evo,Swarm,Compound Eyes,Telepathy,50,35,80,50,90,30,"Level 10",,,
826,Orbeetle,,825,,Bug,Psychic,evo,Swarm,Frisk,Telepathy,60,45,110,80,120,90,"Level 30",,,
522,Blitzle,,,,Electric,,base,Lightning Rod,Motor Drive,Sap Sipper,45,60,32,50,32,76,,,,
523,Zebstrika,,522,,Electric,,evo,Lightning Rod,Motor Drive,Sap Sipper,75,100,63,80,63,116,"Level 27",,,
438,Bonsly,,,,Rock,,base,Sturdy,Rock Head,Rattled,50,80,95,10,45,10,,,,
185,Sudowoodo,,438,,Rock,,evo,Sturdy,Rock Head,Rattled,70,100,115,30,65,30,"Level 20",,,
761,Bounsweet,,,,Grass,,base,Leaf Guard,Oblivious,Sweet Veil,42,30,38,30,38,32,,,,
762,Steenee,,761,,Grass,,evo,Leaf Guard,Oblivious,Sweet Veil,52,40,48,40,48,62,"Level 18",,,
763,Tsareena,,762,,Grass,,evo,Leaf Guard,Queenly Majesty,Sweet Veil,72,120,98,50,98,72,"Level 29 (Stomp)",,,
406,Budew,,,,Grass,Poison,base,Natural Cure,Poison Point,Leaf Guard,40,30,35,50,70,55,,,,
315,Roselia,,406,,Grass,Poison,evo,Natural Cure,Poison Point,Leaf Guard,50,60,45,100,80,65,"Level 20",,,
407,Roserade,,315,,Grass,Poison,evo,Natural Cure,Poison Point,Technician,60,70,65,125,105,90,"Shiny Stone",,,
418,Buizel,,,,Water,,base,Swift Swim,,Water Veil,55,65,35,60,30,85,,,,
419,Floatzel,,418,,Water,,evo,Swift Swim,,Water Veil,85,105,55,85,50,115,"Level 26",,,
1,Bulbasaur,,,,Grass,Poison,base,Overgrow,,Chlorophyll,45,49,49,65,65,45,,"Stage 2",,
2,Ivysaur,,1,,Grass,Poison,evo,Overgrow,,Chlorophyll,60,62,63,80,80,60,"Level 16","Stage 2",,
3,Venusaur,,2,,Grass,Poison,evo,Overgrow,,Chlorophyll,80,82,83,100,100,80,"Level 32","Stage 2",,
3,Mega Venusaur,Mega,3,,Grass,Poison,mega,Thick Fat,,,80,100,123,122,120,80,Venusaurite,"Stage 2",,
427,Buneary,,,,Normal,,base,Run Away,Klutz,Limber,55,66,44,44,56,85,,"Stage 1",,
428,Lopunny,,427,,Normal,,evo,Cute Charm,Klutz,Limber,65,76,84,54,96,105,"Level 20","Stage 1",,
428,Mega Lopunny,Mega,428,,Normal,Fighting,mega,Scrappy,,,65,136,94,54,96,135,Lopunnite,"Stage 1",,
659,Bunnelby,,,,Normal,,base,Pickup,Cheek Pouch,Huge Power,38,36,38,32,36,57,,,,
660,Diggersby,,659,,Normal,Ground,evo,Pickup,Cheek Pouch,Huge Power,85,56,77,50,77,78,"Level 20",,,
412,Burmy,,,,Bug,,base,Shed Skin,,Overcoat,40,29,45,29,45,36,,,,"Unique Mechanic: Burmy Binder\nBurmy and Wormadam change cloaks using the consumable Burmy Binder, available in the Pretty Petal Flower Shop. You're given three Burmy Binders. With the ability to change forms after seeing which boss you're about to face, and the ability to change its Hidden Power type, Wormadam has excellent versatility!"
413,Wormadam-Plant,Plant,412,,Bug,Grass,evo,Anticipation,,Overcoat,60,59,85,79,105,36,"Level 20",,,
413,Wormadam-Sandy,Sandy,412,,Bug,Ground,evo,Anticipation,,Overcoat,60,79,105,59,85,36,"Level 20",,,
413,Wormadam-Trash,Trash,412,,Bug,Steel,evo,Anticipation,,Overcoat,60,69,95,69,95,36,"Level 20",,,
331,Cacnea,,,,Grass,,base,Sand Veil,,Water Absorb,50,85,40,85,40,35,,,,
332,Cacturne,,331,,Grass,Dark,evo,Sand Veil,,Water Absorb,70,115,60,115,60,55,"Level 32",,,
351,Castform,,,,Normal,,base,Forecast,,,70,70,70,70,70,70,,,,"Unique Mechanic: Forecast\nStarting at level 20, Forecast gains the additional effect of setting weather whenever Castform enters the fight. The weather created depends on the type of the first move in Castform's move list:\nWater: Rain (Drizzle)\nFire: Sun (Drought)\nIce: Hail (Snow Warning)"
351,Castform-Sunny,Sunny,351,,Fire,,evo,Forecast,,,70,70,70,70,70,70,Sun,,,
351,Castform-Rainy,Rainy,351,,Water,,evo,Forecast,,,70,70,70,70,70,70,Rain,,,
351,Castform-Snowy,Snowy,351,,Ice,,evo,Forecast,,,70,70,70,70,70,70,Hail,,,
974,Cetoddle,,,,Ice,,base,Thick Fat,Snow Cloak,Sheer Force,108,68,45,30,40,43,,,,
975,Cetitan,,974,,Ice,,evo,Thick Fat,Slush Rush,Sheer Force,170,113,65,45,55,73,"Ice Stone",,,
318,Carvanha,,,,Water,Dark,base,Rough Skin,,Speed Boost,45,90,20,65,20,65,,"Stage 1",,
319,Sharpedo,,318,,Water,Dark,evo,Rough Skin,,Speed Boost,70,120,40,95,40,95,"Level 30","Stage 1",,
319,Mega Sharpedo,Mega,319,,Water,Dark,mega,Strong Jaw,,,70,140,70,110,65,105,Sharpedonite,"Stage 1",,
935,Charcadet,,,,Fire,,base,Flash Fire,,Flame Body,40,50,40,50,40,35,,,Baby,
936,Armarouge,,935,,Fire,Psychic,evo,Flash Fire,,Weak Armor,85,60,100,125,80,75,"Dawn Stone",,Baby,
937,Ceruledge,,935,,Fire,Ghost,evo,Flash Fire,,Weak Armor,75,125,80,60,100,85,"Dusk Stone",,Baby,
4,Charmander,,,,Fire,,base,Blaze,,Solar Power,39,52,43,60,50,65,,"Stage 2",,
5,Charmeleon,,4,,Fire,,evo,Blaze,,Solar Power,58,64,58,80,65,80,"Level 16","Stage 2",,
6,Charizard,,5,,Fire,Flying,evo,Blaze,,Solar Power,78,84,78,109,85,100,"Level 36","Stage 2",,
6,Charizard-Mega_X,"Mega X",6,,Fire,Dragon,mega,Tough Claws,,,78,130,111,130,85,100,"Charizardite X","Stage 2",,
833,Chewtle,,,,Water,,base,Strong Jaw,Shell Armor,Swift Swim,50,64,50,38,38,41,,,,
834,Drednaw,,833,,Water,Rock,evo,Strong Jaw,Shell Armor,Swift Swim,90,115,90,48,68,74,"Level 22",,,
650,Chespin,,,,Grass,,base,Overgrow,,Bulletproof,56,61,65,48,45,38,,"Stage 2",,
651,Quilladin,,650,,Grass,,evo,Overgrow,,Bulletproof,61,78,95,56,58,57,"Level 16","Stage 2",,
652,Chesnaught,,651,,Grass,Fighting,evo,Overgrow,,Bulletproof,88,107,122,74,75,64,"Level 36","Stage 2",,
652,Mega Chesnaught,Mega,652,,Grass,Fighting,mega,Bulletproof,,,88,137,172,74,115,44,Chesnaughtite,"Stage 2",,
390,Chimchar,,,,Fire,,base,Blaze,,Iron Fist,44,58,44,58,44,61,,,,
391,Monferno,,390,,Fire,Fighting,evo,Blaze,,Iron Fist,64,78,52,78,52,81,"Level 14",,,
392,Infernape,,391,,Fire,Fighting,evo,Blaze,,Iron Fist,76,104,71,104,71,108,"Level 36",,,
170,Chinchou,,,,Water,Electric,base,Volt Absorb,Illuminate,Water Absorb,75,38,38,56,56,67,,,,
171,Lanturn,,170,,Water,Electric,evo,Volt Absorb,Illuminate,Water Absorb,125,58,58,76,76,67,"Level 27",,,
433,Chingling,,,,Psychic,,base,Levitate,,,45,30,50,65,50,45,,"Stage 1",,
358,Chimecho,,433,,Psychic,,evo,Levitate,,,75,50,80,95,90,65,"Level 20","Stage 1",,
358,Mega Chimecho,Mega,358,,Psychic,Steel,evo,Levitate,,,75,50,110,135,120,65,Chimechite,"Stage 1",,
366,Clamperl,,,,Water,,base,Shell Armor,,Rattled,35,64,85,74,55,32,,,,
367,Huntail,,366,,Water,,evo,Swift Swim,,Water Veil,55,104,105,94,75,52,"Level 28 (Male)",,,
368,Gorebyss,,366,,Water,,evo,Swift Swim,,Hydration,55,84,105,114,75,52,"Level 28 (Female)",,,
692,Clauncher,,,,Water,,base,"Mega Launcher",,,50,53,62,58,63,44,,,,
693,Clawitzer,,692,,Water,,evo,"Mega Launcher",,,71,73,88,120,89,59,"Level 37 (Oracle)",,,
852,Clobbopus,,,,Fighting,,base,Limber,,Technician,50,68,60,50,50,32,,,,
853,Grapploct,,852,,Fighting,,evo,Limber,,Technician,80,118,90,70,80,42,"Level 38 (Oracle)",,,
341,Corphish,,,,Water,,base,Hyper Cutter,Shell Armor,Adaptability,43,80,65,50,35,35,,,,
342,Crawdaunt,,341,,Water,Dark,evo,Hyper Cutter,Shell Armor,Adaptability,63,120,85,90,55,55,"Level 30",,,
222,Corsola,,,,Water,Rock,base,Hustle,Natural Cure,Regenerator,65,55,95,65,95,35,,,,"Unique Mechanic: On-Death Evolution\nWhen Corsola faints, after the battle, it will transform into Galarian Corsola and revive at full HP."
222,Corsola,Galar,222,,Ghost,,evo,Weak Armor,,Cursed Body,60,55,100,65,100,30,"on death",,,
864,Cursola,,222,Galar,Ghost,,evo,Weak Armor,,Perish Body,60,95,50,145,130,30,"Level 38 (Oracle)",,,
546,Cottonee,,,,Grass,Fairy,base,Prankster,Infiltrator,Chlorophyll,40,27,60,37,50,66,,,,
547,Whimsicott,,546,,Grass,Fairy,evo,Prankster,Infiltrator,Chlorophyll,60,67,85,77,75,116,"Sun Stone",,,
453,Croagunk,,,,Poison,Fighting,base,Anticipation,Dry Skin,Poison Touch,48,61,40,61,40,50,,,,
454,Toxicroak,,453,,Poison,Fighting,evo,Anticipation,Dry Skin,Poison Touch,83,106,65,86,65,85,"Level 37 (Oracle)",,,
104,Cubone,,,,Ground,,base,Rock Head,Lightning Rod,Battle Armor,50,50,95,40,50,35,,,,
105,Marowak,,104,,Ground,,evo,Rock Head,Lightning Rod,Battle Armor,60,80,110,50,80,45,"Level 28 at day",,,
105,Marowak,Alola,104,,Fire,Ghost,evo,Cursed Body,Lightning Rod,Rock Head,60,80,110,50,80,45,"Level 28 at night",,,
878,Cufant,,,,Steel,,base,Sheer Force,,Heavy Metal,72,80,49,40,49,40,,,,
879,Copperajah,,878,,Steel,,evo,Sheer Force,,Heavy Metal,122,130,69,80,69,30,"Level 34",,,
742,Cutiefly,,,,Bug,Fairy,base,Honey Gather,Shield Dust,Sweet Veil,40,45,40,55,40,84,,,,
743,Ribombee,,742,,Bug,Fairy,evo,Honey Gather,Shield Dust,Sweet Veil,60,55,60,95,70,124,"Level 25",,,
751,Dewpider,,,,Water,Bug,base,Water Bubble,,Water Absorb,38,40,52,40,72,27,,,,
752,Araquanid,,751,,Water,Bug,evo,Water Bubble,,Water Absorb,68,70,92,50,132,42,"Level 22",,,
50,Diglett,,,,Ground,,base,Sand Veil,Arena Trap,Sand Force,10,55,25,35,45,95,,,,
51,Dugtrio,,50,,Ground,,evo,Sand Veil,Arena Trap,Sand Force,35,100,50,50,70,120,"Level 26",,,
425,Drifloon,,,,Ghost,Flying,base,Unburden,Aftermath,Flare Boost,90,50,34,60,44,70,,,,
426,Drifblim,,425,,Ghost,Flying,evo,Unburden,Aftermath,Flare Boost,150,80,44,90,54,80,"Level 28",,,
529,Drilbur,,,,Ground,,base,Sand Rush,Sand Force,Mold Breaker,60,85,40,30,45,68,,"Stage 1",,
530,Excadrill,,529,,Ground,Steel,evo,Sand Rush,Sand Force,Mold Breaker,110,135,60,50,65,88,"Level 31","Stage 1",,
530,Mega Excadrill,Mega,530,,Ground,Steel,evo,Sand Rush,Sand Force,Mold Breaker,110,165,100,65,65,103,Excadrite,"Stage 1",,
23,Ekans,,,,Poison,,base,Intimidate,Shed Skin,Unnerve,35,60,44,40,54,55,,,,
24,Arbok,,23,,Poison,,evo,Intimidate,Shed Skin,Unnerve,60,95,69,65,79,80,"Level 22",,,
309,Electrike,,,,Electric,,base,Static,Lightning Rod,Minus,40,45,40,65,40,65,,"Stage 1",,
310,Manectric,,309,,Electric,,evo,Static,Lightning Rod,Minus,70,75,60,105,60,105,"Level 26","Stage 1",,
310,Mega Manectric,Mega,310,,Electric,,mega,Intimidate,,,70,75,80,135,80,135,Manectite,"Stage 1",,
239,Elekid,,,,Electric,,base,Static,,Vital Spirit,45,63,37,65,55,95,,,,
125,Electabuzz,,239,,Electric,,evo,Static,,Vital Spirit,65,83,57,95,85,105,"Level 30",,,
466,Electivire,,125,,Electric,,evo,Motor Drive,,Vital Spirit,75,123,67,95,85,95,"Linking Cord",,,
605,Elgyem,,,,Psychic,,base,Telepathy,Synchronize,Analytic,55,55,55,85,55,30,,,,
606,Beheeyem,,605,,Psychic,,evo,Telepathy,Synchronize,Analytic,75,75,75,125,95,40,"Level 42 (Oracle)",,,
587,Emolga,,,,Electric,Flying,base,Static,,Motor Drive,55,75,60,75,60,103,,,,
677,Espurr,,,,Psychic,,base,Keen Eye,Infiltrator,Own Tempo,62,48,54,63,60,68,,"Stage 1",,
678,Meowstic-M,M,677,,Psychic,,evo,Keen Eye,Infiltrator,Prankster,74,48,76,83,81,104,"Level 25","Stage 1",,
678,Meowstic-F,F,677,,Psychic,,evo,Keen Eye,Infiltrator,Competitive,74,48,76,83,81,104,"Level 25","Stage 1",,
678,Mega Meowstic,Mega,678,F,Psychic,,mega,Keen Eye,Infiltrator,,74,48,76,143,101,124,Meowsticite,"Stage 1",,
102,Exeggcute,,,,Grass,Psychic,base,Chlorophyll,,Harvest,60,40,80,60,45,40,,,,
103,Exeggutor,,102,,Grass,Psychic,evo,Chlorophyll,,Harvest,95,95,85,125,75,55,"Leaf Stone",,,
103,Exeggutor,Alola,102,,Grass,Dragon,evo,Frisk,,Harvest,95,105,85,125,75,45,"Sun Stone",,,
83,Farfetch'd,Galar,,,Fighting,,base,Steadfast,,Scrappy,52,95,55,58,62,55,,,,
865,Sirfetch'd,,83,Galar,Fighting,,evo,Steadfast,,Scrappy,62,135,95,68,82,65,"Level 28",,,
349,Feebas,,,,Water,,base,Swift Swim,Oblivious,Adaptability,20,15,20,10,55,80,,,,
350,Milotic,,349,,Water,,evo,Marvel Scale,Competitive,Cute Charm,95,60,79,100,125,81,"Level 40 (Oracle)",,,
653,Fennekin,,,,Fire,,base,Blaze,,Magician,40,45,40,62,60,60,,"Stage 2",,
654,Braixen,,653,,Fire,,evo,Blaze,,Magician,59,59,58,90,70,73,"Level 16","Stage 2",,
655,Delphox,,654,,Fire,Psychic,evo,Blaze,,Magician,75,69,72,114,100,104,"Level 36","Stage 2",,
655,Mega Delphox,Mega,655,,Fire,Psychic,mega,Levitate,,,75,69,72,159,125,134,Delphoxite,"Stage 2",,
926,Fidough,,,,Fairy,,base,Own Tempo,,Klutz,37,55,70,30,55,65,,,,
927,Dachsbun,,926,,Fairy,,evo,"Well-Baked Body",,Aroma Veil,57,80,115,50,80,95,"Level 26",,,
669,Flabebe,,,,Fairy,,base,Flower Veil,,Symbiosis,44,38,39,61,79,42,,,,
670,Floette,,669,,Fairy,,evo,Flower Veil,,Symbiosis,54,45,47,75,98,52,"Level 19",,,
671,Florges,,670,,Fairy,,evo,Flower Veil,,Symbiosis,78,65,68,112,154,75,"Shiny Stone",,,
661,Fletchling,,,,Normal,Flying,base,Big Pecks,,Gale Wings,45,50,43,40,38,62,,,,
662,Fletchinder,,661,,Fire,Flying,evo,Flame Body,,Gale Wings,62,73,55,56,52,84,"Level 17",,,
663,Talonflame,,662,,Fire,Flying,evo,Flame Body,,Gale Wings,78,81,71,74,69,126,"Level 35",,,
592,Frillish,,,,Water,Ghost,base,Water Absorb,Cursed Body,Damp,55,40,50,65,85,40,,,,
593,Jellicent,,592,,Water,Ghost,evo,Water Absorb,Cursed Body,Damp,100,60,70,85,105,60,"Level 40 (Oracle)",,,
656,Froakie,,,,Water,,base,Torrent,,Protean,41,56,40,62,44,71,,"Stage 2",,
657,Frogadier,,656,,Water,,evo,Torrent,,Protean,54,63,52,83,56,97,"Level 16","Stage 2",,
658,Greninja,,657,,Water,Dark,evo,Torrent,,Protean,72,95,67,103,71,122,"Level 36","Stage 2",,
658,Mega Greninja,Mega,658,,Water,Dark,mega,Protean,,,72,125,77,133,81,142,Greninjite,"Stage 2",,
909,Fuecoco,,,,Fire,,base,Blaze,,Unaware,67,45,59,63,40,36,,,,
910,Crocalor,,909,,Fire,,evo,Blaze,,Unaware,81,55,78,90,58,49,"Level 16",,,
911,Skeledirge,,910,,Fire,Ghost,evo,Blaze,,Unaware,104,75,100,110,75,66,"Level 36",,,
92,Gastly,,,,Ghost,Poison,base,Levitate,,,30,35,30,100,35,80,,"Stage 2",,
93,Haunter,,92,,Ghost,Poison,evo,Levitate,,,45,50,45,115,55,95,"Level 25","Stage 2",,
94,Gengar,,93,,Ghost,Poison,evo,Cursed Body,,,60,65,60,130,75,110,"Linking Cord","Stage 2",,
94,Mega Gengar,Mega,94,,Ghost,Poison,mega,Shadow Tag,,,60,65,80,170,95,130,Gengarite,"Stage 2",,
74,Geodude,,,,Rock,Ground,base,Rock Head,Sturdy,Sand Veil,40,80,100,30,30,20,,,,
75,Graveler,,74,,Rock,Ground,evo,Rock Head,Sturdy,Sand Veil,55,95,115,45,45,35,"Level 25",,,
76,Golem,,75,,Rock,Ground,evo,Rock Head,Sturdy,Sand Veil,80,120,130,55,65,45,"Linking Cord",,,
443,Gible,,,,Dragon,Ground,base,Sand Veil,,Rough Skin,58,70,45,40,45,42,,"Stage 2",,
444,Gabite,,443,,Dragon,Ground,evo,Sand Veil,,Rough Skin,68,90,65,50,55,82,"Level 24","Stage 2",,
445,Garchomp,,444,,Dragon,Ground,evo,Sand Veil,,Rough Skin,108,130,95,80,85,102,"Level 48","Stage 2",,
445,Mega Garchomp,Mega,445,,Dragon,Ground,mega,Sand Force,,,108,170,115,120,95,92,Garchompite,"Stage 2",,
704,Goomy,,,,Dragon,,base,Sap Sipper,Hydration,Gooey,45,50,35,55,75,40,,,,"Tip: Rain Evolution\nBoth forms of Sliggoo require you find some rain to evolve them. Luckily, just east of Fortree City, Route 119 has a permanent rain shower. Use the "Evolution" option in the party menu to evolve Sliggoo when standing in the rain."
705,Sliggoo,,704,,Dragon,,evo,Sap Sipper,Hydration,Gooey,68,75,53,83,113,60,"Level 40 (Guru)",,,
706,Goodra,,705,,Dragon,,evo,Sap Sipper,Hydration,Gooey,90,100,70,110,150,80,"Level 50 in Rain",,,
705,Sliggoo,Hisui,704,,Steel,Dragon,evo,Sap Sipper,Shell Armor,Gooey,58,75,83,83,113,40,"Metal Coat",,,
706,Goodra,Hisui,705,Hisui,Steel,Dragon,evo,Sap Sipper,Shell Armor,Gooey,80,100,100,110,150,60,"Level 50 in Rain",,,
829,Gossifleur,,,,Grass,,base,Cotton Down,Regenerator,Effect Spore,40,40,60,40,60,10,,,,
830,Eldegoss,,829,,Grass,,evo,Cotton Down,Regenerator,Effect Spore,60,50,90,80,120,60,"Level 20",,,
574,Gothita,,,,Psychic,,base,Frisk,Competitive,Shadow Tag,45,30,50,55,65,45,,,,
575,Gothorita,,574,,Psychic,,evo,Frisk,Competitive,Shadow Tag,60,45,70,75,85,55,"Level 32 (Guru)",,,
576,Gothitelle,,575,,Psychic,,evo,Frisk,Competitive,Shadow Tag,70,55,95,95,110,65,"Level 41",,,
971,Greavard,,,,Ghost,,base,Pickup,,Fluffy,50,61,60,30,55,34,,,,"Unique Mechanic: Last Respects\nEach time one of your Pokemon faints, Greavard's signature move Last Respects permanently gains 15 power on top of its base 50.\nThe fainted Pokémon counter does not reset between battles."
972,Houndstone,,971,,Ghost,,evo,Sand Rush,,Fluffy,72,101,100,50,97,68,"Level 30",,,
58,Growlithe,,,,Fire,,base,Intimidate,Flash Fire,Justified,55,70,45,70,50,60,,,,
59,Arcanine,,58,,Fire,,evo,Intimidate,Flash Fire,Justified,90,110,80,100,80,95,"Fire Stone",,,
736,Grubbin,,,,Bug,,base,Swarm,,,47,62,45,55,45,46,,,,
737,Charjabug,,736,,Bug,Electric,evo,Battery,,,57,82,95,55,75,36,"Level 20",,,
738,Vikavolt,,737,,Bug,Electric,evo,Levitate,,,77,70,90,145,75,43,"Thunder Stone",,,
856,Hatenna,,,,Psychic,,base,Healer,Anticipation,Magic Bounce,42,30,45,56,53,39,,,,
857,Hattrem,,856,,Psychic,,evo,Healer,Anticipation,Magic Bounce,57,40,65,86,73,49,"Level 32 (Guru)",,,
858,Hatterene,,857,,Psychic,Fairy,evo,Healer,Anticipation,Magic Bounce,57,90,95,136,103,29,"Level 42",,,
694,Helioptile,,,,Electric,Normal,base,Dry Skin,Sand Veil,Solar Power,44,38,33,61,43,70,,,,
695,Heliolisk,,694,,Electric,Normal,evo,Dry Skin,Sand Veil,Solar Power,62,55,52,109,94,109,"Sun Stone",,,
449,Hippopotas,,,,Ground,,base,Sand Stream,,Sand Force,68,72,78,38,42,32,,,,
450,Hippowdon,,449,,Ground,,evo,Sand Stream,,Sand Force,108,112,118,68,72,47,"Level 34",,,
679,Honedge,,,,Steel,Ghost,base,No Guard,,,45,80,100,35,37,28,,,,
680,Doublade,,679,,Steel,Ghost,evo,No Guard,,,59,110,150,45,49,35,"Level 35 (Guru)",,,
681,Aegislash-Shield,Shield,680,,Steel,Ghost,evo,Stance Change,,,60,50,140,50,140,60,"Dusk Stone",,,
681,Aegislash-Blade,Blade,680,,Steel,Ghost,evo,Stance Change,,,60,140,50,140,50,60,"Stance Change",,,
116,Horsea,,,,Water,,base,Swift Swim,Sniper,Damp,30,40,70,70,25,60,,,,
117,Seadra,,116,,Water,,evo,Poison Point,Sniper,Damp,55,65,95,95,45,85,"Level 32 (Guru)",,,
230,Kingdra,,117,,Water,Dragon,evo,Swift Swim,Sniper,Damp,75,95,95,95,95,85,"Dragon Scale",,,
228,Houndour,,,,Dark,Fire,base,Early Bird,Flash Fire,Unnerve,45,60,30,80,50,65,,"Stage 1",,
229,Houndoom,,228,,Dark,Fire,evo,Early Bird,Flash Fire,Unnerve,75,90,50,110,80,95,"Level 24","Stage 1",,
229,Mega Houndoom,Mega,229,,Dark,Fire,mega,Solar Power,,,75,90,90,140,90,115,Houndoominite,"Stage 1",,
859,Impidimp,,,,Dark,Fairy,base,Prankster,Frisk,Pickpocket,45,45,30,55,40,50,,,,
860,Morgrem,,859,,Dark,Fairy,evo,Prankster,Frisk,Pickpocket,65,60,45,75,55,70,"Level 32 (Guru)",,,
861,Grimmsnarl,,860,,Dark,Fairy,evo,Prankster,Frisk,Pickpocket,95,120,65,95,75,60,"Level 42",,,
686,Inkay,,,,Dark,Psychic,base,Contrary,Suction Cups,Infiltrator,53,54,53,37,46,45,,"Stage 1",,"Tip: One Crazy Contrary\nInkay and Malamar's ability Contrary inverts all stat changes. This makes Superpower boost Malamar's stats instead of lowering them, allowing it to increase its Attack and Defense by one stage."
687,Malamar,,686,,Dark,Psychic,evo,Contrary,Suction Cups,Infiltrator,86,92,88,68,75,73,"Level 30","Stage 1",,
687,Mega Malamar,Mega,687,,Dark,Psychic,mega,Contrary,Suction Cups,Infiltrator,86,102,88,98,120,88,Malamarite,"Stage 1",,
782,Jangmo-o,,,,Dragon,,base,Bulletproof,Soundproof,Overcoat,45,55,65,45,45,45,,,,
783,Hakamo-o,,782,,Dragon,Fighting,evo,Bulletproof,Soundproof,Overcoat,55,75,90,65,70,65,"Level 35 (Guru)",,,
784,Kommo-o,,783,,Dragon,Fighting,evo,Bulletproof,Soundproof,Overcoat,75,110,125,100,105,85,"Level 45",,,
595,Joltik,,,,Bug,Electric,base,Compound Eyes,Unnerve,Swarm,50,47,50,57,50,65,,,,
596,Galvantula,,595,,Bug,Electric,evo,Compound Eyes,Unnerve,Swarm,70,77,60,97,60,108,"Level 36",,,
246,Larvitar,,,,Rock,Ground,base,Guts,,Sand Veil,50,64,50,45,50,41,,"Stage 2",,
247,Pupitar,,246,,Rock,Ground,evo,Shed Skin,,,70,84,70,65,70,51,"Level 30","Stage 2",,
248,Tyranitar,,247,,Rock,Dark,evo,Sand Stream,,Unnerve,100,134,110,95,100,61,"Level 55","Stage 2",,
248,Mega Tyranitar,Mega,248,,Rock,Dark,mega,Sand Stream,,,100,164,150,95,120,71,Tyranitarite,"Stage 2",,
506,Lillipup,,,,Normal,,base,Vital Spirit,Pickup,Run Away,45,60,45,25,45,55,,,,
507,Herdier,,506,,Normal,,evo,Intimidate,Sand Rush,Scrappy,65,80,65,35,65,60,"Level 16",,,
508,Stoutland,,507,,Normal,,evo,Intimidate,Sand Rush,Scrappy,85,110,90,45,90,80,"Level 32",,,
667,Litleo,,,,Fire,Normal,base,Rivalry,Unnerve,Moxie,62,50,58,73,54,72,,"Stage 1",,
668,Pyroar,,667,,Fire,Normal,evo,Rivalry,Unnerve,Moxie,86,68,72,109,66,106,"Level 35","Stage 1",,
668,Mega Pyroar,Mega,668,,Fire,Normal,mega,Rivalry,Unnerve,Moxie,86,88,92,129,86,126,Pyroarite,"Stage 1",,
725,Litten,,,,Fire,,base,Blaze,,Intimidate,45,65,40,60,40,70,,,,
726,Torracat,,725,,Fire,,evo,Blaze,,Intimidate,65,85,50,80,50,90,"Level 17",,,
727,Incineroar,,726,,Fire,Dark,evo,Blaze,,Intimidate,95,115,90,80,90,60,"Level 34",,,
607,Litwick,,,,Ghost,Fire,base,Flash Fire,Flame Body,Infiltrator,50,30,55,65,55,20,,"Stage 2",,
608,Lampent,,607,,Ghost,Fire,evo,Flash Fire,Flame Body,Infiltrator,60,40,60,95,60,55,"Level 41 (Guru)","Stage 2",,
609,Chandelure,,608,,Ghost,Fire,evo,Flash Fire,Flame Body,Infiltrator,60,55,90,145,90,80,"Dusk Stone","Stage 2",,
609,Mega Chandelure,Mega,609,,Ghost,Fire,mega,Flash Fire,Flame Body,Infiltrator,60,75,110,175,110,90,Chandelurite,"Stage 2",,
270,Lotad,,,,Water,Grass,base,Swift Swim,Rain Dish,Own Tempo,40,30,30,40,50,30,,,,"Tip: Delayed Evolution\nBy delaying Lotad's evolution until level 18, it can learn Mega Drain before gym 2. Otherwise, you'll be relying on the Bullet Seed TM for Grass STAB until you gain access to the Giga Drain TM."
271,Lombre,,270,,Water,Grass,evo,Swift Swim,Rain Dish,Own Tempo,60,50,50,60,70,50,"Level 14",,,
272,Ludicolo,,271,,Water,Grass,evo,Swift Swim,Rain Dish,Own Tempo,80,70,70,90,100,70,"Water Stone",,,
66,Machop,,,,Fighting,,base,Guts,No Guard,Steadfast,70,80,50,35,35,35,,,,
67,Machoke,,66,,Fighting,,evo,Guts,No Guard,Steadfast,80,100,70,50,60,45,"Level 28",,,
68,Machamp,,67,,Fighting,,evo,Guts,No Guard,Steadfast,90,130,80,65,85,55,"Linking Cord",,,
240,Magby,,,,Fire,,base,Flame Body,,Vital Spirit,45,75,37,70,55,83,,,,
126,Magmar,,240,,Fire,,evo,Flame Body,,Vital Spirit,65,95,57,100,85,93,"Level 30",,,
467,Magmortar,,126,,Fire,,evo,Flame Body,,Vital Spirit,75,95,67,125,95,83,"Linking Cord",,,
81,Magnemite,,,,Electric,Steel,base,Magnet Pull,Sturdy,Analytic,25,35,70,95,55,45,,,,
82,Magneton,,81,,Electric,Steel,evo,Magnet Pull,Sturdy,Analytic,50,60,95,120,70,70,"Level 30",,,
462,Magnezone,,82,,Electric,Steel,evo,Magnet Pull,Sturdy,Analytic,70,70,115,130,90,60,"Thunder Stone",,,
296,Makuhita,,,,Fighting,,base,Thick Fat,Guts,Sheer Force,72,60,30,20,30,25,,,,
297,Hariyama,,296,,Fighting,,evo,Thick Fat,Guts,Sheer Force,144,120,60,40,60,50,"Level 24",,,
56,Mankey,,,,Fighting,,base,Vital Spirit,Anger Point,Defiant,40,80,35,35,45,70,,,,"Tip: Rage Fist\nPrimeape's signature move Rage Fist begins at 50 base power and grows stronger each time Primeape is hit.\nHowever, it's been nerfed in Emerald Blitz to cap at 100 base power instead of 350."
57,Primeape,,56,,Fighting,,evo,Vital Spirit,Anger Point,Defiant,65,105,60,60,70,95,"Level 28",,,
979,Annihilape,,57,,Fighting,Ghost,evo,Vital Spirit,Inner Focus,Defiant,110,115,80,50,90,90,"Level 35",,,
458,Mantyke,,,,Water,Flying,base,Swift Swim,Water Absorb,Water Veil,45,20,50,60,120,50,,,,
226,Mantine,,458,,Water,Flying,evo,Swift Swim,Water Absorb,Water Veil,85,40,70,80,140,70,"Level 20",,,
179,Mareep,,,,Electric,,base,Static,,Plus,55,40,40,65,45,35,,"Stage 2",,"Unique Mechanic: Milk Drink\nWhen used outside of battle, Milk Drink levels up one other Pokémon, ignoring the level cap.\nEach evolution line can only use Milk Drink once, so choose wisely!"
180,Flaaffy,,179,,Electric,,evo,Static,,Plus,70,55,55,80,60,45,"Level 15","Stage 2",,
181,Ampharos,,180,,Electric,,evo,Static,,Plus,90,75,85,115,90,55,"Level 30","Stage 2",,
181,Mega Ampharos,Mega,181,,Electric,Dragon,mega,Mold Breaker,,,90,95,105,165,110,45,Ampharosite,"Stage 2",,
303,Mawile,,,,Steel,Fairy,base,Hyper Cutter,Intimidate,Sheer Force,50,85,85,55,55,50,,"base",,"Tip: Early Mega Evolution\nMawile and Sableye are the only two Pokémon in Emerald Blitz who can Mega Evolve before the 7th gym. Their Mega stones are available from the start. However, you won't earn enough money to purchase them until after beating gym 3, since they cost a steep 10,000."
303,Mega Mawile,Mega,303,,Steel,Fairy,mega,Huge Power,,,50,105,125,55,95,50,Mawilite,"base",,
307,Meditite,,,,Fighting,Psychic,base,Pure Power,,Telepathy,30,40,55,40,55,60,,"Stage 1",,
308,Medicham,,307,,Fighting,Psychic,evo,Pure Power,,Telepathy,60,60,75,60,75,80,"Level 37 (Oracle)","Stage 1",,
308,Mega Medicham,Mega,308,,Fighting,Psychic,mega,Pure Power,,,60,100,85,80,85,100,Medichamite,"Stage 1",,
52,Meowth,Galar,,,Steel,,base,Pickup,Tough Claws,Unnerve,50,65,55,40,40,40,,,,"Tip: Pay Day\nMeowth's signature move Pay Day is the only way in the game to earn extra money.\nEach use of Pay Day in a gym battle earns you coins equal to 20 times the level of Meowth/Perrserker, up to a maximum of 2000."
863,Perrserker,Galar,52,Galar,Steel,,evo,Battle Armor,Tough Claws,Steely Spirit,70,110,100,50,60,50,"Level 28",,,
198,Murkrow,,,,Dark,Flying,base,Insomnia,Super Luck,Prankster,60,85,42,85,42,91,,,,
430,Honchkrow,,198,,Dark,Flying,evo,Insomnia,Super Luck,Moxie,100,125,52,105,52,71,"Dusk Stone",,,
572,Minccino,,,,Normal,,base,Cute Charm,Technician,Skill Link,55,50,40,40,40,75,,,,
573,Cinccino,,572,,Normal,,evo,Cute Charm,Technician,Skill Link,75,95,60,65,60,115,"Shiny Stone",,,
439,Mime Jr,,,,Psychic,Fairy,base,Soundproof,Filter,Technician,20,25,45,70,90,60,,,,
122,Mr. Mime,,439,,Psychic,Fairy,evo,Soundproof,Filter,Technician,40,45,65,100,120,90,"Level 20 at day",,,
122,Mr. Mime,Galar,439,,Ice,Psychic,evo,Vital Spirit,Screen Cleaner,Ice Body,50,65,65,90,90,100,"Level 20 at night",,,
866,Mr. Rime,,122,Galar,Ice,Psychic,evo,Tangled Feet,Screen Cleaner,Ice Body,80,85,75,110,100,70,"Level 42",,,
774,Minior,,,,Rock,Flying,base,Shields Down,,,60,60,100,60,100,60,,,,"Tip: Rollout!\nMinior is the king of early game sweeps. By starting the fight using Defense Curl, Minior's STAB Rollout starts at 2x power. Then, if Minior drops below half health at any point, its Shields Down ability triggers, increasing its attack and speed stat to all but guarentee that subsequent Rollouts one hit KO."
774,Minior-Core,Core,774,,Rock,Flying,evo,Shields Down,,,60,100,60,100,60,120,"Shields Down",,,
200,Misdreavus,,,,Ghost,,base,Levitate,,,60,60,60,85,85,85,,,,
429,Mismagius,,200,,Ghost,,evo,Levitate,,,60,60,60,105,105,105,"Dusk Stone",,,
755,Morelull,,,,Grass,Fairy,base,Illuminate,Effect Spore,Rain Dish,40,35,55,65,75,15,,,,
756,Shiinotic,,755,,Grass,Fairy,evo,Illuminate,Effect Spore,Rain Dish,60,45,80,90,100,30,"Level 24",,,
749,Mudbray,,,,Ground,,base,Own Tempo,Stamina,Inner Focus,70,100,70,45,55,45,,,,
750,Mudsdale,,749,,Ground,,evo,Own Tempo,Stamina,Inner Focus,100,125,100,55,85,35,"Level 30",,,
258,Mudkip,,,,Water,,base,Torrent,,Damp,50,70,50,50,50,40,,"Stage 2",,
259,Marshtomp,,258,,Water,Ground,evo,Torrent,,Damp,70,85,70,60,70,50,"Level 16","Stage 2",,
260,Swampert,,259,,Water,Ground,evo,Torrent,,Damp,100,110,90,85,90,60,"Level 36","Stage 2",,
446,Munchlax,,,,Normal,,base,Pickup,Thick Fat,Gluttony,135,85,40,40,85,5,,,,
143,Snorlax,,446,,Normal,,evo,Immunity,Thick Fat,Gluttony,160,110,65,65,110,30,"Level 30",,,
260,Mega Swampert,Mega,260,,Water,Ground,mega,Swift Swim,,,100,150,110,95,110,70,Swampertite,"Stage 2",,
827,Nickit,,,,Dark,,base,Run Away,Unburden,Stakeout,40,28,28,47,52,50,,,,
828,Thievul,,827,,Dark,,evo,Run Away,Unburden,Stakeout,70,58,58,87,92,90,"Level 18",,,
290,Nincada,,,,Bug,Ground,base,Compound Eyes,,Run Away,31,45,90,30,30,40,,,,"Tip: Shedinja\nWith its Wonder Guard ability, Shedinja is immune to all non-super-effective damage. This makes it excellent into Brawly, who has few options to hit it.\nTo evolve Nincada into both Ninjask and Shedinja, make sure you have an extra spot in your party when it reaches level 20."
291,Ninjask,,290,,Bug,Flying,evo,Speed Boost,,Infiltrator,61,90,45,50,50,160,"Level 20",,,
292,Shedinja,,290,,Bug,Ghost,evo,Wonder Guard,,,1,90,45,30,30,40,"Empty party slot",,,
714,Noibat,,,,Flying,Dragon,base,Frisk,Infiltrator,Telepathy,40,30,35,45,40,55,,,,
715,Noivern,,714,,Flying,Dragon,evo,Frisk,Infiltrator,Telepathy,85,70,80,97,80,123,"Level 48 (Oracle)",,,
299,Nosepass,,,,Rock,,base,Sturdy,Magnet Pull,Sand Force,30,45,135,45,90,30,,,,
476,Probopass,,299,,Rock,Steel,evo,Sturdy,Magnet Pull,Sand Force,60,55,145,75,150,40,"Thunder Stone",,,
322,Numel,,,,Fire,Ground,base,Oblivious,Simple,Own Tempo,60,60,40,65,45,35,,"Stage 1",,
323,Camerupt,,322,,Fire,Ground,evo,Magma Armor,Solid Rock,Anger Point,70,100,70,105,75,40,"Level 33","Stage 1",,
323,Mega Camerupt,Mega,323,,Fire,Ground,mega,Sheer Force,,,70,120,100,145,105,20,Cameruptite,"Stage 1",,
919,Nymble,,,,Bug,,base,Swarm,,Tinted Lens,33,46,40,21,25,45,,,,
920,Lokix,,919,,Bug,Dark,evo,Swarm,,Tinted Lens,71,102,78,52,55,92,"Level 24",,,
43,Oddish,,,,Grass,Poison,base,Chlorophyll,,Run Away,45,50,55,75,65,30,,,,
44,Gloom,,43,,Grass,Poison,evo,Chlorophyll,,Stench,60,65,70,85,75,40,"Level 21",,,
45,Vileplume,,44,,Grass,Poison,evo,Chlorophyll,,Effect Spore,75,80,85,110,90,50,"Leaf Stone",,,
182,Bellossom,,44,,Grass,,evo,Chlorophyll,,Healer,75,80,95,90,100,50,"Sun Stone",,,
95,Onix,,,,Rock,Ground,base,Rock Head,Sturdy,Weak Armor,35,45,160,30,45,70,,"Stage 1",,
208,Steelix,,95,,Steel,Ground,evo,Rock Head,Sturdy,Sheer Force,75,85,200,55,65,30,"Metal Coat","Stage 1",,
208,Mega Steelix,Mega,208,,Steel,Ground,mega,Sand Force,,,75,125,230,55,95,30,Steelixite,"Stage 1",,
674,Pancham,,,,Fighting,,base,Iron Fist,Mold Breaker,Scrappy,67,82,62,46,48,43,,,,
675,Pangoro,,674,,Fighting,Dark,evo,Iron Fist,Mold Breaker,Scrappy,95,124,78,69,71,58,"Level 32",,,
513,Pansear,,,,Fire,,base,Gluttony,,Blaze,50,53,48,53,48,64,,,,"Tip: Acrobatics\nFling your held King's Rock at the opponent to flinch them, then use Acrobatics for big damage? Now that's a gameplan I can get behind!"
514,Simisear,,513,,Fire,,evo,Gluttony,,Blaze,75,98,63,98,63,101,"Fire Stone",,,
46,Paras,,,,Bug,Grass,base,Effect Spore,Dry Skin,Damp,35,70,55,45,55,25,,,,
47,Parasect,,46,,Bug,Grass,evo,Effect Spore,Dry Skin,Damp,60,95,80,60,80,30,"Level 24",,,
231,Phanpy,,,,Ground,,base,Pickup,,Sand Veil,90,60,60,40,40,40,,,,
232,Donphan,,231,,Ground,,evo,Sturdy,,Sand Veil,90,120,120,60,60,50,"Level 25",,,
708,Phantump,,,,Ghost,Grass,base,Natural Cure,Frisk,Harvest,43,70,48,50,60,38,,,,
709,Trevenant,,708,,Ghost,Grass,evo,Natural Cure,Frisk,Harvest,85,110,76,65,82,56,"Level 28",,,
172,Pichu,,,,Electric,,base,Static,,Lightning Rod,20,40,15,35,35,60,,"Stage 2",,
25,Pikachu,,172,,Electric,,evo,Static,,Lightning Rod,35,55,40,50,50,90,"Level 10","Stage 2",,
26,Raichu,,25,,Electric,,evo,Static,,Lightning Rod,60,90,55,90,80,110,"Thunder Stone","Stage 2",,
26,Mega Raichu X,Mega X,26,,Electric,,evo,Static,,Lightning Rod,60,135,95,90,95,110,"Raichunite X","Stage 2",,
26,Raichu,Alola,25,,Electric,Psychic,evo,Surge Surfer,,,60,85,50,95,85,110,"Sun Stone",,,
731,Pikipek,,,,Normal,Flying,base,Keen Eye,Skill Link,Pickup,35,75,30,30,30,65,,,,
732,Trumbeak,,731,,Normal,Flying,evo,Keen Eye,Skill Link,Pickup,55,85,50,40,50,75,"Level 14",,,
733,Toucannon,,732,,Normal,Flying,evo,Keen Eye,Skill Link,Sheer Force,80,120,75,75,75,60,"Level 28",,,
393,Piplup,,,,Water,,base,Torrent,,Defiant,53,51,53,61,56,40,,,,
394,Prinplup,,393,,Water,,evo,Torrent,,Defiant,64,66,68,81,76,50,"Level 16",,,
395,Empoleon,,394,,Water,Steel,evo,Torrent,,Defiant,84,86,88,111,101,60,"Level 36",,,
77,Ponyta,,,,Fire,,base,Run Away,Flash Fire,Flame Body,50,85,55,65,65,90,,,,"Tip: Run Away\nRun Away now functions like Emergency Exit, forcibly switching the Pokémon out once it drops below a 1/4 HP threshold. Rapidash is the only Pokémon in Emerald Blitz who retains access to this useful ability all of the way to its final evolution."
78,Rapidash,,77,,Fire,,evo,Run Away,Flash Fire,Flame Body,65,100,70,80,80,105,"Level 40 (Oracle)",,,
311,Plusle and Minun,,,,Electric,,base,Plus,Minus,Lightning Rod,60,50,40,85,75,95,,,,
60,Poliwag,,,,Water,,base,Water Absorb,Damp,Swift Swim,40,50,40,40,40,90,,,,
61,Poliwhirl,,60,,Water,,evo,Water Absorb,Damp,Swift Swim,65,65,65,50,50,90,"Level 25",,,
62,Poliwrath,,61,,Water,Fighting,evo,Water Absorb,Damp,Swift Swim,90,95,95,70,90,70,"Water Stone",,,
186,Politoed,,61,,Water,,evo,Water Absorb,Damp,Drizzle,90,75,75,90,100,70,"King's Rock",,,
261,Poochyena,,,,Dark,,base,Run Away,Quick Feet,Rattled,35,55,35,30,30,35,,,,
262,Mightyena,,261,,Dark,,evo,Intimidate,Quick Feet,Moxie,70,90,70,60,60,70,"Level 18",,,
728,Popplio,,,,Water,,base,Torrent,,Liquid Voice,50,54,54,66,56,40,,,,
729,Brionne,,728,,Water,,evo,Torrent,,Liquid Voice,60,69,69,91,81,50,"Level 17",,,
730,Primarina,,729,,Water,Fairy,evo,Torrent,,Liquid Voice,80,74,74,126,116,60,"Level 34",,,
137,Porygon,,,,Normal,,base,Trace,Download,Analytic,65,60,70,85,75,40,,,,
233,Porygon2,,137,,Normal,,evo,Trace,Download,Analytic,85,80,90,105,95,60,"Level 28",,,
474,Porygon-Z,,233,,Normal,,evo,Adaptability,Download,Analytic,85,80,70,135,75,90,"Linking Cord",,,
509,Purrloin,,,,Dark,,base,Limber,Unburden,Prankster,41,50,37,50,37,66,,,,
510,Liepard,,509,,Dark,,evo,Limber,Unburden,Prankster,64,88,50,88,50,106,"Level 20",,,
280,Ralts,,,,Psychic,Fairy,base,Synchronize,Trace,Telepathy,28,25,25,45,35,40,,"Stage 2",,
281,Kirlia,,280,,Psychic,Fairy,evo,Synchronize,Trace,Telepathy,38,35,35,65,55,50,"Level 20","Stage 2",,
282,Gardevoir,,281,,Psychic,Fairy,evo,Synchronize,Trace,Telepathy,68,65,65,125,115,80,"Level 30","Stage 2",,
282,Mega Gardevoir,Mega,282,,Psychic,Fairy,mega,Pixilate,,,68,85,65,165,135,100,Gardevoirite,"Stage 2",,
475,Gallade,,281,,Psychic,Fighting,evo,Steadfast,Sharpness,Justified,68,125,65,65,115,80,"Dawn Stone","Stage 2",,
475,Mega Gallade,Mega,475,,Psychic,Fighting,mega,Inner Focus,,,68,165,95,65,115,110,Galladite,"Stage 2",,
223,Remoraid,,,,Water,,base,Hustle,Sniper,Moody,35,65,35,65,35,65,,,,
224,Octillery,,223,,Water,,evo,Suction Cups,Sniper,Moody,75,105,75,105,75,45,"Level 25",,,
447,Riolu,,,,Fighting,,base,Steadfast,Inner Focus,Prankster,40,70,40,35,40,60,,"Stage 1",,
448,Lucario,,447,,Fighting,Steel,evo,Steadfast,Inner Focus,Justified,70,110,70,115,70,90,"Level 30","Stage 1",,
448,Mega Lucario,Mega,448,,Fighting,Steel,mega,Adaptability,,,70,145,88,140,70,112,Lucarionite,"Stage 1",,
744,Rockruff,,,,Rock,,base,Keen Eye,Vital Spirit,Steadfast,45,65,40,30,40,60,,,,
745,Lycanroc-Midday,Midday,744,,Rock,,evo,Keen Eye,Sand Rush,Steadfast,75,115,65,55,65,112,"Level 25 at day",,,
745,Lycanroc-Midnight,Midnight,744,,Rock,,evo,Keen Eye,Vital Spirit,No Guard,85,115,75,55,75,82,"Level 25 at night",,,
524,Roggenrola,,,,Rock,,base,Sturdy,Weak Armor,Sand Force,55,75,85,25,25,15,,,,
525,Boldore,,524,,Rock,,evo,Sturdy,Weak Armor,Sand Force,70,105,105,50,40,20,"Level 25",,,
526,Gigalith,,525,,Rock,,evo,Sturdy,Sand Stream,Sand Force,85,135,130,60,80,25,"Linking Cord",,,
837,Rolycoly,,,,Rock,,base,Steam Engine,Heatproof,Flash Fire,30,40,50,40,50,30,,,,
838,Carkol,,837,,Rock,Fire,evo,Steam Engine,Flame Body,Flash Fire,80,60,90,60,70,50,"Level 18",,,
839,Coalossal,,838,,Rock,Fire,evo,Steam Engine,Flame Body,Flash Fire,110,80,120,80,90,30,"Level 34",,,
821,Rookidee,,,,Flying,,base,Keen Eye,Unnerve,Big Pecks,38,47,35,33,35,57,,,,
822,Corvisquire,,821,,Flying,,evo,Keen Eye,Unnerve,Big Pecks,68,67,55,43,55,77,"Level 18",,,
823,Corviknight,,822,,Flying,Steel,evo,Pressure,Unnerve,Mirror Armor,98,87,105,53,85,67,"Level 38",,,
479,Rotom,,,,Electric,Ghost,base,Levitate,,,50,50,77,95,77,91,,,,"Unique Mechanic: Rotom Catalog\nRotom transforms with the consumable item Rotom Catalog, available in Fortree City. You're given three Rotom Catalogs. With the ability to change forms after seeing which boss you're about to face, Rotom's versatility is unmatched."
479,Rotom-Heat,Heat,479,,Electric,Fire,evo,Levitate,,,50,65,107,105,107,86,Catalog,,,
479,Rotom-Wash,Wash,479,,Electric,Water,evo,Levitate,,,50,65,107,105,107,86,Catalog,,,
479,Rotom-Mow,Mow,479,,Electric,Grass,evo,Levitate,,,50,65,107,105,107,86,Catalog,,,
479,Rotom-Frost,Frost,479,,Electric,Ice,evo,Levitate,,,50,65,107,105,107,86,Catalog,,,
479,Rotom-Fan,Fan,479,,Electric,Flying,evo,Levitate,,,50,65,107,105,107,86,Catalog,,,
722,Rowlet,,,,Grass,Flying,base,Overgrow,,Long Reach,68,55,55,50,50,42,,,,
723,Dartrix,,722,,Grass,Flying,evo,Overgrow,,Long Reach,78,75,75,70,70,52,"Level 17",,,
724,Decidueye,,723,,Grass,Ghost,evo,Overgrow,,Long Reach,78,107,75,100,100,70,"Level 34 at night",,,
724,Decidueye,Hisui,723,,Grass,Fighting,evo,Overgrow,,Scrappy,88,112,80,95,95,60,"Level 34 at day",,,
302,Sableye,,,,Dark,Ghost,base,Keen Eye,Stall,Prankster,50,75,75,65,65,50,,"base",,"Tip: Early Mega Evolution\nMawile and Sableye are the only two Pokémon in Emerald Blitz who can Mega Evolve before the 7th gym. Their Mega stones are available from the start. However, you won't earn enough money to purchase them until after beating gym 3, since they cost a steep 10,000."
302,Mega Sableye,Mega,302,,Dark,Ghost,mega,Magic Bounce,,,50,85,125,85,115,20,Sablenite,"base",,
757,Salandit,,,,Poison,Fire,base,Corrosion,,Oblivious,48,44,40,71,40,77,,,,
758,Salazzle,,757,,Poison,Fire,evo,Corrosion,,Oblivious,68,64,60,111,60,117,"Level 33",,,
551,Sandile,,,,Ground,Dark,base,Intimidate,Moxie,Anger Point,50,72,35,35,35,65,,,,
552,Krokorok,,551,,Ground,Dark,evo,Intimidate,Moxie,Anger Point,60,82,45,45,45,74,"Level 29",,,
553,Krookodile,,552,,Ground,Dark,evo,Intimidate,Moxie,Anger Point,95,117,80,65,70,92,"Level 40",,,
27,Sandshrew,Alola,,,Ice,Steel,base,Snow Cloak,,Slush Rush,50,75,90,10,35,40,,,,
28,Sandslash,Alola,27,Alola,Ice,Steel,evo,Snow Cloak,,Slush Rush,75,100,120,25,65,65,"Level 22",,,
769,Sandygast,,,,Ghost,Ground,base,Water Compaction,,Sand Veil,55,55,80,70,45,15,,,,
770,Palossand,,769,,Ghost,Ground,evo,Water Compaction,,Sand Veil,85,75,110,100,75,35,"Level 42 (Oracle)",,,
664,Scatterbug,,,,Bug,,base,Shield Dust,Compound Eyes,Friend Guard,38,35,40,27,25,35,,,,
665,Spewpa,,664,,Bug,,evo,Shed Skin,,Friend Guard,45,22,60,27,30,29,"Level 9",,,
666,Vivillon,,665,,Bug,Flying,evo,Shield Dust,Compound Eyes,Friend Guard,80,52,50,90,50,89,"Level 12",,,
123,Scyther,,,,Bug,Flying,base,Swarm,Technician,Steadfast,70,110,80,55,80,105,,"Stage 1",,
900,Kleavor,,123,,Bug,Rock,evo,Swarm,Sheer Force,Sharpness,70,135,95,45,70,85,"King's Rock","Stage 1",,
212,Scizor,,123,,Bug,Steel,evo,Swarm,Technician,Light Metal,70,130,100,55,80,65,"Metal Coat","Stage 1",,
212,Mega Scizor,Mega,212,,Bug,Steel,mega,Technician,,,70,150,140,65,100,75,Scizorite,"Stage 1",,
540,Sewaddle,,,,Bug,Grass,base,Swarm,Chlorophyll,Overcoat,45,53,70,40,60,42,,,,"Tip: Delayed Evolution\nBy delaying Sewaddle's evolution until level 22, it can learn Struggle Bug before gym 3 while still evolving into Swadloon. Otherwise, Swadloon never learns the move."
541,Swadloon,,540,,Bug,Grass,evo,Leaf Guard,Chlorophyll,Overcoat,55,63,90,50,80,42,"Level 20",,,
542,Leavanny,,541,,Bug,Grass,evo,Swarm,Chlorophyll,Overcoat,75,103,80,70,80,92,"Level 30",,,
90,Shellder,,,,Water,,base,Shell Armor,Skill Link,Overcoat,30,65,100,45,25,40,,,,
91,Cloyster,,90,,Water,Ice,evo,Shell Armor,Skill Link,Overcoat,50,95,180,85,45,70,"Water Stone",,,
422,Shellos,,,,Water,,base,Sticky Hold,Storm Drain,Sand Force,76,48,48,57,62,34,,,,
423,Gastrodon,,422,,Water,Ground,evo,Sticky Hold,Storm Drain,Sand Force,111,83,68,92,82,39,"Level 30",,,
403,Shinx,,,,Electric,,base,Rivalry,Intimidate,Guts,45,65,34,40,34,45,,,,
404,Luxio,,403,,Electric,,evo,Rivalry,Intimidate,Guts,60,85,49,60,49,60,"Level 15",,,
405,Luxray,,404,,Electric,,evo,Rivalry,Intimidate,Guts,80,120,79,95,79,70,"Level 30",,,
948,Shroodle,,,,Poison,Normal,base,Unburden,Pickpocket,Prankster,40,65,35,40,35,75,,,,"Tip: Doodle\nShroodle's signature move Doodle is something special! Now, when used from the party menu, Grafaiai can choose to swap to one of four abilities randomly selected from the Doodle pool, a collection of the strongest abilities in Emerald Blitz. Happy doodling!\nNotably, Doodle is forgotten once used and cannot be relearned via the Move Relearner.\nThe full Doodle pool includes: Drizzle, Drought, Dry Skin, Effect Spore, Flash Fire, Fluffy, Levitate, Illusion, Intimidate, Protean, Perish Body, Pixilate, Refrigerate, Regenerator, Sap Sipper, Seed Sower, Sheer Force, Sturdy, Tough Claws, and Volt Absorb"
949,Grafaiai,,948,,Poison,Normal,evo,Unburden,Poison Touch,Prankster,63,95,65,80,72,110,"Level 28",,,
285,Shroomish,,,,Grass,,base,Effect Spore,Poison Heal,Quick Feet,60,40,60,40,60,35,,,,
286,Breloom,,285,,Grass,Fighting,evo,Effect Spore,Poison Heal,Technician,60,130,80,60,60,70,"Level 23",,,
353,Shuppet,,,,Ghost,,base,Insomnia,Frisk,Cursed Body,44,75,35,63,33,45,,"Stage 1",,
354,Banette,,353,,Ghost,,evo,Insomnia,Frisk,Cursed Body,64,115,65,83,63,65,"Level 37 (Oracle)","Stage 1",,
354,Mega Banette,Mega,354,,Ghost,,mega,Prankster,,,64,165,75,93,83,75,Banettite,"Stage 1",,
672,Skiddo,,,,Grass,,base,Sap Sipper,,Grass Pelt,66,65,48,62,57,52,,,,"Unique Mechanics: Grass Pelt & Milk Drink\nTerrain doesn't exist in Emerald Blitz. Instead, Grass Pelt provides its 50% defense boost in the sun.\nWhen used outside of battle, Milk Drink levels up one other Pokémon, ignoring the level cap.\nEach evolution line can only use Milk Drink once, so choose wisely!"
673,Gogoat,,672,,Grass,,evo,Sap Sipper,,Grass Pelt,123,100,62,97,81,68,"Level 32",,,
451,Skorupi,,,,Poison,Bug,base,Battle Armor,Sniper,Keen Eye,40,50,90,30,55,65,,,,
452,Drapion,,451,,Poison,Dark,evo,Battle Armor,Sniper,Keen Eye,70,90,110,60,75,95,"Level 40 (Oracle)",,,
690,Skrelp,,,,Poison,Water,base,Poison Point,Poison Touch,Adaptability,50,60,60,60,60,30,,"Stage 1",,
691,Dragalge,,690,,Poison,Dragon,evo,Poison Point,Poison Touch,Adaptability,65,75,90,97,123,44,"Level 48 (Oracle)","Stage 1",,
691,Mega Dragalge,Mega,691,,Poison,Dragon,mega,Poison Point,Poison Touch,Adaptability,65,85,105,132,163,44,Dragalgite,"Stage 1",,
287,Slakoth,,,,Normal,,base,Truant,,,60,60,60,35,35,30,,,,
288,Vigoroth,,287,,Normal,,evo,Vital Spirit,,,80,80,80,55,55,90,"Level 18",,,
289,Slaking,,288,,Normal,,evo,Truant,,,150,160,100,95,65,100,"Level 36",,,
79,Slowpoke,Galar,,,Psychic,,base,Gluttony,Own Tempo,Regenerator,90,65,65,40,40,15,,,,
80,Slowbro,Galar,79,Galar,Poison,Psychic,evo,Quick Draw,Own Tempo,Regenerator,95,100,95,100,70,30,"Level 37 (Oracle)",,,
199,Slowking,Galar,79,Galar,Poison,Psychic,evo,Curious Medicine,Own Tempo,Regenerator,95,65,80,110,110,30,"King's Rock",,,
850,Sizzlipede,,,,Fire,Bug,base,Flash Fire,White Smoke,Flame Body,50,65,45,50,50,45,,,,
851,Centiskorch,,850,,Fire,Bug,evo,Flash Fire,White Smoke,Flame Body,100,115,65,90,90,65,"Level 28",,,
928,Smoliv,,,,Grass,Normal,base,Early Bird,,Harvest,41,35,45,58,51,30,,,,"Unique Mechanic: Seed Sower\nTerrain doesn't exist in Emerald Blitz. Instead, Arboliva's Seed Sower ability sets Leech Seed on any Pokemon that attacks it and makes contact."
929,Dolliv,,928,,Grass,Normal,evo,Early Bird,,Harvest,52,53,60,78,78,33,"Level 25",,,
930,Arboliva,,929,,Grass,Normal,evo,Seed Sower,,Harvest,78,69,90,125,109,39,"Level 35",,,
235,Smeargle,,,,Normal,,base,Own Tempo,Technician,Moody,55,20,35,20,45,75,,,,"Unique Mechanic: Sketch\nSmeargle's signature move Sketch is more potent than ever before. Now, when used from the party menu, Smeargle can choose to learn one of four moves randomly selected from the Sketch pool, a collection of the strongest moves in Emerald Blitz. Happy sketching!\nNotably, Sketch is the only move in the game that cannot be relearned via the Move Relearner."
215,Sneasel,,,,Dark,Ice,base,Inner Focus,Keen Eye,Pickpocket,55,95,55,35,75,115,,,,
461,Weavile,,215,,Dark,Ice,evo,Pressure,,Pickpocket,70,120,65,45,85,125,"Dusk Stone",,,
495,Snivy,,,,Grass,,base,Overgrow,,Contrary,45,45,55,45,55,63,,,,
496,Servine,,495,,Grass,,evo,Overgrow,,Contrary,60,60,75,60,75,83,"Level 17",,,
497,Serperior,,496,,Grass,,evo,Overgrow,,Contrary,75,75,95,75,95,113,"Level 36",,,
361,Snorunt,,,,Ice,,base,Inner Focus,Ice Body,Moody,50,50,50,50,50,50,,"Stage 1",,
362,Glalie,,361,,Ice,,evo,Inner Focus,Ice Body,Moody,80,80,80,80,80,80,"Level 42 (Oracle)","Stage 1",,
362,Mega Glalie,Mega,362,,Ice,,mega,Refrigerate,,,80,120,80,120,80,100,Glalitite,"Stage 1",,
478,Froslass,,361,,Ice,Ghost,evo,Snow Cloak,,Cursed Body,70,80,70,80,70,110,"Dawn Stone","Stage 1",,
478,Mega Froslass,Mega,478,,Ice,Ghost,evo,Snow Warning,,,70,80,70,140,100,120,Frosslassite,"Stage 1",,
459,Snover,,,,Grass,Ice,base,Snow Warning,,Soundproof,60,62,50,62,60,40,,"Stage 1",,
460,Abomasnow,,459,,Grass,Ice,evo,Snow Warning,,Soundproof,90,92,75,92,85,60,"Level 40 (Oracle)","Stage 1",,
460,Mega Abomasnow,Mega,460,,Grass,Ice,mega,Snow Warning,,,90,132,105,132,105,30,Abomasite,"Stage 1",,
209,Snubbull,,,,Fairy,,base,Intimidate,Run Away,Rattled,60,80,50,40,40,30,,,,
210,Granbull,,209,,Fairy,,evo,Intimidate,Quick Feet,Rattled,90,120,75,60,60,45,"Level 23",,,
577,Solosis,,,,Psychic,,base,Overcoat,Magic Guard,Regenerator,45,30,40,105,50,20,,,,
578,Duosion,,577,,Psychic,,evo,Overcoat,Magic Guard,Regenerator,65,40,50,125,60,30,"Level 32 (Guru)",,,
579,Reuniclus,,578,,Psychic,,evo,Overcoat,Magic Guard,Regenerator,110,65,75,125,85,30,"Level 41",,,
363,Spheal,,,,Ice,Water,base,Thick Fat,Ice Body,Oblivious,70,40,50,55,50,25,,,,
364,Sealeo,,363,,Ice,Water,evo,Thick Fat,Ice Body,Oblivious,90,60,70,75,70,45,"Level 32 (Guru)",,,
365,Walrein,,364,,Ice,Water,evo,Thick Fat,Ice Body,Oblivious,110,80,90,95,90,65,"Level 44",,,
325,Spoink,,,,Psychic,,base,Thick Fat,Own Tempo,Gluttony,60,25,35,70,80,60,,,,
326,Grumpig,,325,,Psychic,,evo,Thick Fat,Own Tempo,Gluttony,80,45,65,90,110,80,"Level 32",,,
682,Spritzee,,,,Fairy,,base,Healer,,Aroma Veil,78,52,60,63,65,23,,,,
683,Aromatisse,,682,,Fairy,,evo,Healer,,Aroma Veil,101,72,72,99,89,29,"Level 28",,,
234,Stantler,,,,Normal,,base,Intimidate,Frisk,Sap Sipper,73,95,62,85,65,85,,,,
899,Wyrdeer,,234,,Normal,Psychic,evo,Intimidate,Frisk,Sap Sipper,103,105,72,105,75,65,"Level 28",,,
396,Starly,,,,Normal,Flying,base,Keen Eye,,Reckless,40,55,30,30,30,60,,"Stage 2",,
397,Staravia,,396,,Normal,Flying,evo,Intimidate,,Reckless,55,75,50,40,40,80,"Level 14","Stage 2",,
398,Staraptor,,397,,Normal,Flying,evo,Intimidate,,Reckless,85,120,70,50,60,100,"Level 34","Stage 2",,
398,Mega Staraptor,Mega,398,,Fighting,Flying,mega,Intimidate,,Reckless,85,140,100,60,90,110,Staraptite,"Stage 2",,
7,Squirtle,,,,Water,,base,Torrent,,Rain Dish,44,48,65,50,64,43,,"Stage 2",,
8,Wartortle,,7,,Water,,evo,Torrent,,Rain Dish,59,63,80,65,80,58,"Level 16","Stage 2",,
9,Blastoise,,8,,Water,,evo,Torrent,,Rain Dish,79,83,100,85,105,78,"Level 36","Stage 2",,
9,Mega Blastoise,Mega,9,,Water,,mega,Mega Launcher,,,79,103,120,135,115,78,Blastoisinite,"Stage 2",,
120,Staryu,,,,Water,,base,Illuminate,Natural Cure,Analytic,30,45,55,70,55,85,,"Stage 1",,
121,Starmie,,120,,Water,Psychic,evo,Illuminate,Natural Cure,Analytic,60,75,85,100,85,115,"Water Stone","Stage 1",,
121,Mega Starmie,Mega,121,,Water,Psychic,mega,Illuminate,Natural Cure,Analytic,60,140,105,130,105,120,Starmite,"Stage 1",,
759,Stufful,,,,Normal,Fighting,base,Fluffy,Klutz,Cute Charm,70,75,50,45,50,50,,,,
760,Bewear,,759,,Normal,Fighting,evo,Fluffy,Klutz,Unnerve,120,125,80,55,60,60,"Level 27",,,
283,Surskit,,,,Bug,Water,base,Swift Swim,,Rain Dish,40,30,32,50,52,65,,,,
284,Masquerain,,283,,Bug,Flying,evo,Intimidate,,Unnerve,70,60,62,100,82,80,"Level 22",,,
220,Swinub,,,,Ice,Ground,base,Oblivious,Snow Cloak,Thick Fat,50,50,40,30,30,50,,,,
221,Piloswine,,220,,Ice,Ground,evo,Oblivious,Snow Cloak,Thick Fat,100,100,80,60,60,50,"Level 33 (Guru)",,,
473,Mamoswine,,221,,Ice,Ground,evo,Oblivious,Snow Cloak,Thick Fat,110,130,80,70,60,80,"Move Relearn Ancient Power",,,
684,Swirlix,,,,Fairy,,base,Sweet Veil,,Unburden,62,48,66,59,57,49,,,,
685,Slurpuff,,684,,Fairy,,evo,Sweet Veil,,Unburden,82,80,86,85,75,72,"Level 28",,,
216,Teddiursa,,,,Normal,,base,Pickup,Quick Feet,Honey Gather,60,80,50,50,50,40,,,,
217,Ursaring,,216,,Normal,,evo,Guts,Quick Feet,Unnerve,90,130,75,75,75,55,"Level 30",,,
901,Ursaluna,,217,,Ground,Normal,evo,Guts,Bulletproof,Unnerve,130,140,105,45,80,50,"Level 48",,,
72,Tentacool,,,,Water,Poison,base,Clear Body,Liquid Ooze,Rain Dish,40,40,35,50,100,70,,,,
73,Tentacruel,,72,,Water,Poison,evo,Clear Body,Liquid Ooze,Rain Dish,80,70,65,80,120,100,"Level 30",,,
532,Timburr,,,,Fighting,,base,Guts,Sheer Force,Iron Fist,75,80,55,25,35,35,,,,
533,Gurdurr,,532,,Fighting,,evo,Guts,Sheer Force,Iron Fist,85,105,85,40,50,40,"Level 25",,,
534,Conkeldurr,,533,,Fighting,,evo,Guts,Sheer Force,Iron Fist,105,140,95,55,65,45,"Linking Cord",,,
957,Tinkatink,,,,Fairy,Steel,base,Mold Breaker,Own Tempo,Pickpocket,50,45,45,35,64,58,,,,
958,Tinkatuff,,957,,Fairy,Steel,evo,Mold Breaker,Own Tempo,Pickpocket,65,55,55,45,82,78,"Level 24",,,
959,Tinkaton,,958,,Fairy,Steel,evo,Mold Breaker,Own Tempo,Pickpocket,85,75,77,70,105,94,"Level 38",,,
564,Tirtouga,,,,Water,Rock,base,Solid Rock,Sturdy,Swift Swim,54,78,103,53,45,22,,,,
565,Carracosta,,564,,Water,Rock,evo,Solid Rock,Sturdy,Swift Swim,74,108,133,83,65,32,"Level 37 (Oracle)",,,
255,Torchic,,,,Fire,,base,Blaze,,Speed Boost,45,60,40,70,50,45,,"Stage 2",,
256,Combusken,,255,,Fire,Fighting,evo,Blaze,,Speed Boost,60,85,60,85,60,55,"Level 16","Stage 2",,
257,Blaziken,,256,,Fire,Fighting,evo,Blaze,,Speed Boost,80,120,70,110,70,80,"Level 36","Stage 2",,
257,Mega Blaziken,Mega,257,,Fire,Fighting,mega,Speed Boost,,,80,160,80,130,80,100,Blazikenite,"Stage 2",,
158,Totodile,,,,Water,,base,Torrent,,Sheer Force,50,65,64,44,48,43,,"Stage 2",,
159,Croconaw,,158,,Water,,evo,Torrent,,Sheer Force,65,80,80,59,63,58,"Level 18","Stage 2",,
160,Feraligatr,,159,,Water,,evo,Torrent,,Sheer Force,85,105,100,79,83,78,"Level 30","Stage 2",,
160,Mega Feraligatr,Mega,160,,Water,Dragon,mega,Dragonize,,,85,160,125,89,93,78,Feraligatrite,"Stage 2",,
328,Trapinch,,,,Ground,,base,Hyper Cutter,Arena Trap,Sheer Force,45,100,45,45,45,10,,,,
329,Vibrava,,328,,Ground,Dragon,evo,Levitate,,,50,70,50,50,50,70,"Level 35 (Guru)",,,
330,Flygon,,329,,Ground,Dragon,evo,Levitate,,,80,100,80,80,80,100,"Level 45",,,
252,Treecko,,,,Grass,,base,Overgrow,,Unburden,40,45,35,65,55,70,,"Stage 2",,"Tip: Delayed Evolution\nNeither Grovyle nor Sceptile learn Giga Drain via level up, just Treecko. Because of this, Treecko is a rare case of a Pokemon that can benefit from delaying evolution for a full gym. By delaying evolution to Grovyle from 16 to 21, Treecko can learn Giga Drain a full two gyms earlier than it'd be able to otherwise via TM."
253,Grovyle,,252,,Grass,,evo,Overgrow,,Unburden,50,65,45,85,65,95,"Level 16","Stage 2",,
254,Sceptile,,253,,Grass,,evo,Overgrow,,Unburden,70,85,65,105,85,120,"Level 36","Stage 2",,
254,Mega Sceptile,Mega,254,,Grass,Dragon,mega,Lightning Rod,,,70,110,75,145,85,145,Sceptilite,"Stage 2",,
568,Trubbish,,,,Poison,,base,Stench,Sticky Hold,Aftermath,50,50,62,40,62,65,,,,
569,Garbodor,,568,,Poison,,evo,Stench,Weak Armor,Aftermath,80,95,82,60,82,75,"Level 36",,,
387,Turtwig,,,,Grass,,base,Overgrow,,Shell Armor,55,68,64,45,55,31,,,,
388,Grotle,,387,,Grass,,evo,Overgrow,,Shell Armor,75,89,85,55,65,36,"Level 18",,,
389,Torterra,,388,,Grass,Ground,evo,Overgrow,,Shell Armor,95,109,105,75,85,56,"Level 32",,,
535,Tympole,,,,Water,,base,Swift Swim,Hydration,Water Absorb,50,50,40,50,40,64,,,,
536,Palpitoad,,535,,Water,Ground,evo,Swift Swim,Hydration,Water Absorb,75,65,55,65,55,69,"Level 25",,,
537,Seismitoad,,536,,Water,Ground,evo,Swift Swim,Poison Touch,Water Absorb,105,95,75,85,75,74,"Level 36",,,
602,Tynamo,,,,Electric,,base,Levitate,,,35,55,40,45,40,60,,"Stage 2",,
603,Eelektrik,,602,,Electric,,evo,Levitate,,,65,85,70,75,70,40,"Level 39 (Guru)","Stage 2",,
604,Eelektross,,603,,Electric,,evo,Levitate,,,85,115,80,105,80,50,"Thunder Stone","Stage 2",,
604,Mega Eelektross,Mega,604,,Electric,,evo,Levitate,,,85,145,80,135,90,80,Eelektrossite,"Stage 2",,
236,Tyrogue,,,,Fighting,,base,Guts,Steadfast,Vital Spirit,35,35,35,35,35,35,,,,
106,Hitmonlee,,236,,Fighting,,evo,Limber,Reckless,Unburden,50,120,53,35,110,87,"Level 20",,,
107,Hitmonchan,,236,,Fighting,,evo,Keen Eye,Iron Fist,Inner Focus,50,105,79,35,110,76,"Level 20",,,
237,Hitmontop,,236,,Fighting,,evo,Intimidate,Technician,Steadfast,50,95,95,35,110,70,"Level 20",,,
696,Tyrunt,,,,Rock,Dragon,base,Strong Jaw,,Sturdy,58,89,77,45,45,48,,,,
697,Tyrantrum,,696,,Rock,Dragon,evo,Strong Jaw,,Rock Head,82,121,119,69,59,71,"Level 39 (Oracle)",,,
965,Varoom,,,,Steel,Poison,base,Overcoat,,Slow Start,45,70,63,30,45,47,,,,
966,Revavroom,,965,,Steel,Poison,evo,Overcoat,,Filter,80,119,90,54,67,90,"Level 40 (Oracle)",,,
543,Venipede,,,,Bug,Poison,base,Poison Point,Swarm,Speed Boost,30,45,59,30,39,57,,"Stage 2",,
544,Whirlipede,,543,,Bug,Poison,evo,Poison Point,Swarm,Speed Boost,40,55,99,40,79,47,"Level 22","Stage 2",,
545,Scolipede,,544,,Bug,Poison,evo,Poison Point,Swarm,Speed Boost,60,100,89,55,69,112,"Level 30","Stage 2",,
545,Mega Scolipede,Mega,545,,Bug,Poison,mega,Poison Point,Swarm,Speed Boost,60,140,149,75,99,62,Scolipedite,"Stage 2",,
100,Voltorb,Hisui,,,Electric,Grass,base,Soundproof,Static,Aftermath,40,30,50,55,55,100,,,,
101,Electrode,Hisui,100,Hisui,Electric,Grass,evo,Soundproof,Static,Aftermath,60,50,70,80,80,150,"Leaf Stone",,,
37,Vulpix,Alola,,,Ice,,base,Snow Cloak,,Snow Warning,38,41,40,50,65,65,,,,
38,Ninetales,Alola,37,Alola,Ice,Fairy,evo,Snow Cloak,,Snow Warning,73,67,75,81,100,109,"Ice Stone",,,
320,Wailmer,,,,Water,,base,Water Veil,Oblivious,Pressure,130,70,35,70,35,60,,,,
321,Wailord,,320,,Water,,evo,Water Veil,Oblivious,Pressure,170,90,45,90,45,60,"Level 40 (Oracle)",,,
940,Wattrel,,,,Electric,Flying,base,Wind Power,Volt Absorb,Competitive,40,40,35,55,40,70,,,,
941,Kilowattrel,,940,,Electric,Flying,evo,Wind Power,Volt Absorb,Competitive,70,70,60,105,60,125,"Level 25",,,
13,Weedle,,,,Bug,Poison,base,Shield Dust,,Run Away,40,35,30,20,20,50,,"Stage 2",,
14,Kakuna,,13,,Bug,Poison,evo,Shed Skin,,,45,25,50,25,25,35,"Level 7","Stage 2",,
15,Beedrill,,14,,Bug,Poison,evo,Swarm,,Sniper,65,90,40,45,80,75,"Level 10","Stage 2",,
15,Mega Beedrill,Mega,15,,Bug,Poison,mega,Adaptability,,,65,150,40,15,80,145,Beedrillite,"Stage 2",,
278,Wingull,,,,Water,Flying,base,Keen Eye,Hydration,Rain Dish,40,30,30,55,30,85,,,,
279,Pelipper,,278,,Water,Flying,evo,Keen Eye,Drizzle,Rain Dish,60,50,100,95,70,65,"Level 25",,,
746,Wishiwashi,,,,Water,,base,Schooling,,,45,20,20,25,25,40,,,,
746,Wishiwashi-School,School,746,,Water,,evo,Schooling,,,45,140,130,140,135,30,"Schooling Level 20",,,
194,Wooper,Paldea,,,Poison,Ground,base,Poison Point,Water Absorb,Unaware,55,45,45,25,25,15,,,,
980,Clodsire,Paldea,194,Paldea,Poison,Ground,evo,Poison Point,Water Absorb,Unaware,130,75,60,45,100,20,"Level 20",,,
835,Yamper,,,,Electric,,base,Ball Fetch,,Rattled,59,45,50,40,50,26,,,,
836,Boltund,,835,,Electric,,evo,Strong Jaw,,Competitive,69,90,60,90,60,121,"Level 25",,,
193,Yanma,,,,Bug,Flying,base,Speed Boost,Compound Eyes,Frisk,65,65,45,75,45,95,,,,
469,Yanmega,,193,,Bug,Flying,evo,Speed Boost,Tinted Lens,Frisk,86,76,86,116,56,95,"Learn Ancient Power",,,
263,Zigzagoon,,,,Dark,Normal,base,Pickup,Gluttony,Quick Feet,38,30,41,30,41,60,,,,
264,Linoone,Galar,263,,Dark,Normal,evo,Pickup,Gluttony,Quick Feet,78,70,61,50,61,100,"Level 20",,,
862,Obstagoon,,264,Galar,Dark,Normal,evo,Reckless,Guts,Defiant,93,90,101,60,81,95,"Level 35",,,
570,Zorua,,,,Dark,,base,Illusion,,,40,65,40,80,40,65,,,,"Tip: Illusion\nZorua and Zoroark's signature ability causes them to take on the appearance of the last Pokemon in your party. The AI treats the Illusioned Pokemon as the Pokemon it's disguised as, but if it uses a Psychic-type move and fails to deal damage, it will realize it's up against an Illusion Pokemon and attack accordingly on subsequent turns. Similarly, if your Zoroark uses a move that the Pokemon its disguised as cannot learn, the AI will know that it's a Zoroark."
571,Zoroark,,570,,Dark,,evo,Illusion,,,60,105,60,120,60,105,"Level 30",,,
41,Zubat,,,,Poison,Flying,base,Inner Focus,,Infiltrator,40,45,35,30,40,55,,,,
42,Golbat,,41,,Poison,Flying,evo,Inner Focus,,Infiltrator,75,80,70,65,75,90,"Level 22",,,
169,Crobat,,42,,Poison,Flying,evo,Inner Focus,,Infiltrator,85,90,80,70,80,130,"Level 30",,,
65536,Egg,,,,Egg,,base,,,,0,0,0,0,0,0,,,,"Tip: Baby Pokemon\nAn egg can hatch into any of these baby Pokemon: Azurill, Cleffa, Igglybuff, and Togepi."
169,Crobat,,42,,Poison,Flying,evo,Inner Focus,,Infiltrator,85,90,80,70,80,130,"Soothe Bell",,,
65536,Egg,,,,Egg,,base,,,,0,0,0,0,0,0,,,,"Tip: Baby Pokemon\nAn egg can hatch into any of these baby Pokemon: Azurill, Cleffa, Igglybuff, and Togepi."
298,Azurill,,,,Normal,Fairy,base,Thick Fat,Huge Power,Sap Sipper,50,20,40,20,40,20,,,Baby,
183,Marill,,298,,Water,Fairy,evo,Thick Fat,Huge Power,Sap Sipper,70,20,50,20,50,40,"Level 10",,Baby,
184,Azumarill,,183,,Water,Fairy,evo,Thick Fat,Huge Power,Sap Sipper,100,50,80,60,80,50,"Level 18",,Baby,
173,Cleffa,,,,Fairy,,base,Cute Charm,Magic Guard,Friend Guard,50,25,28,45,55,15,,"Stage 2",Baby,
35,Clefairy,,173,,Fairy,,evo,Cute Charm,Magic Guard,Friend Guard,70,45,48,60,65,35,"Level 10","Stage 2",Baby,
36,Clefable,,35,,Fairy,,evo,Cute Charm,Magic Guard,Unaware,95,70,73,95,90,60,"Moon Stone","Stage 2",Baby,
36,Mega Clefable,Mega,36,,Fairy,Flying,mega,Cute Charm,Magic Guard,Unaware,95,80,93,135,110,70,Clefablite,"Stage 2",Baby,
174,Igglybuff,,,,Normal,Fairy,base,Cute Charm,Competitive,Friend Guard,90,30,15,40,20,15,,,Baby,
39,Jigglypuff,,174,,Normal,Fairy,evo,Cute Charm,Competitive,Friend Guard,115,45,20,45,25,20,"Level 10",,Baby,
40,Wigglytuff,,39,,Normal,Fairy,evo,Cute Charm,Competitive,Frisk,140,70,45,85,50,45,"Moon Stone",,Baby,
175,Togepi,,,,Fairy,,base,Hustle,Serene Grace,Super Luck,35,20,65,40,65,20,,,Baby,
176,Togetic,,175,,Fairy,Flying,evo,Hustle,Serene Grace,Super Luck,55,40,85,80,105,40,"Level 20",,Baby,
468,Togekiss,,176,,Fairy,Flying,evo,Hustle,Serene Grace,Super Luck,85,50,95,120,115,80,"Shiny Stone",,Baby,
133,Eevee,,,,Normal,,base,Run Away,Adaptability,Anticipation,55,55,50,45,65,55,,,Baby,"Tip: The most important Pokemon of all!\nEevee is Emerald Blitz's starter Pokemon, available to all players from the beginning of the game.\nThere's just one catch: once a player evolves their Eevee, no other player can evolve their Eevee into that same species. This means that beating the fourth gym and gaining access to evolution stones is especially imperative!\nEevee's ability to evolve into eight different types of Pokemon makes it invaluable for filling out your team with coverage for your draft's weaker matchups. That said, don't underestimate Eevee into the first few gyms! Its ability to lower the opponent's stats help get many early game teams over the hill."
134,Vaporeon,,133,,Water,,evo,Water Absorb,,Hydration,130,65,60,110,95,65,"Water Stone",,Baby,
135,Jolteon,,133,,Electric,,evo,Volt Absorb,,Quick Feet,65,65,60,110,95,130,"Thunder Stone",,Baby,
136,Flareon,,133,,Fire,,evo,Flash Fire,,Guts,65,130,60,95,110,65,"Fire Stone",,Baby,
196,Espeon,,133,,Psychic,,evo,Synchronize,,Magic Bounce,65,65,60,130,95,110,"Sun Stone",,Baby,
197,Umbreon,,133,,Dark,,evo,Synchronize,,Inner Focus,95,65,110,60,130,65,"Moon Stone",,Baby,
470,Leafeon,,133,,Grass,,evo,Leaf Guard,,Chlorophyll,65,110,130,60,65,95,"Leaf Stone",,Baby,
471,Glaceon,,133,,Ice,,evo,Snow Cloak,,Ice Body,65,60,110,130,95,65,"Ice Stone",,Baby,
700,Sylveon,,133,,Fairy,,evo,Cute Charm,,Pixilate,95,65,65,110,130,60,"Shiny Stone",,Baby,
359,Absol,,,,Dark,,base,Pressure,Super Luck,Justified,65,130,60,75,60,75,,,Rental,
359,Mega Absol,Mega,359,,Dark,,mega,Magic Bounce,,,65,150,60,115,60,115,Absolite,"Stage 1",Rental,
780,Drampa,,,,Normal,Dragon,base,Berserk,Sap Sipper,Cloud Nine,78,60,85,135,91,36,,,Rental,
780,Mega Drampa,Mega,780,,Normal,Dragon,mega,Berserk,Sap Sipper,Cloud Nine,78,60,85,135,91,36,Drampanite,"Stage 1",Rental,
870,Falinks,,,,Fighting,,base,Battle Armor,,Defiant,65,100,100,70,60,75,,,Rental,
870,Mega Falinks,Mega,870,,Fighting,,mega,Battle Armor,,Defiant,65,100,100,70,60,75,Falinksite,"Stage 1",Rental,
701,Hawlucha,,,,Fighting,Flying,base,Limber,Unburden,Mold Breaker,78,92,75,74,63,118,,,Rental,
701,Mega Hawlucha,Mega,701,,Fighting,Flying,mega,Limber,Unburden,Mold Breaker,78,92,75,74,63,118,Hawluchanite,"Stage 1",Rental,
214,Heracross,,,,Bug,Fighting,base,Swarm,Guts,Moxie,80,125,75,40,95,85,,,Rental,
214,Mega Heracross,Mega,214,,Bug,Fighting,mega,Skill Link,,,80,185,115,40,105,75,Heracronite,"Stage 1",Rental,
115,Kangaskhan,,,,Normal,,base,Early Bird,Scrappy,Inner Focus,105,95,80,40,80,90,,,Rental,
115,Mega Kangaskhan,Mega,115,,Normal,,mega,Parental Bond,,,105,125,100,60,100,100,Kangaskhanite,"Stage 1",Rental,
127,Pinsir,,,,Bug,,base,Hyper Cutter,Mold Breaker,Moxie,65,125,100,55,70,85,,,Rental,
127,Mega Pinsir,Mega,127,,Bug,Flying,mega,Aerilate,,,65,155,120,65,90,105,Pinsirite,"Stage 1",Rental,
227,Skarmory,,,,Steel,Flying,base,Keen Eye,Sturdy,Weak Armor,65,80,140,40,70,70,,,Rental,
227,Mega Skarmory,Mega,227,,Steel,Flying,mega,Keen Eye,Sturdy,Weak Armor,65,80,140,40,70,70,Skarmorite,"Stage 1",Rental,
962,Bombirdier,,,,Flying,Dark,base,Stork's Blessing,,Rocky Payload,70,103,85,60,85,82,,,Rental,
626,Bouffalant,,,,Normal,,base,Reckless,Sap Sipper,Soundproof,95,110,95,40,95,55,,,Rental,
455,Carnivine,,,,Grass,,base,Levitate,,,74,100,72,90,72,46,,,Rental,
764,Comfey,,,,Fairy,,base,Flower Veil,Triage,Natural Cure,51,52,90,82,110,100,,,Rental,
615,Cryogonal,,,,Ice,,base,Levitate,,,80,50,50,95,135,105,,,Rental,
781,Dhelmise,,,,Ghost,Grass,base,Steelworker,,,70,131,100,86,90,40,,,Rental,
632,Durant,,,,Bug,Steel,base,Swarm,Hustle,Truant,58,109,112,48,48,109,,,Rental,
631,Heatmor,,,,Fire,,base,Gluttony,Flash Fire,White Smoke,85,97,66,105,66,65,,,Rental,
131,Lapras,,,,Water,Ice,base,Water Absorb,Shell Armor,Hydration,130,85,80,85,95,60,,,Rental,
241,Miltank,,,,Normal,,base,Thick Fat,Scrappy,Sap Sipper,95,80,105,40,70,100,,,Rental,
778,Mimikyu,,,,Ghost,Fairy,base,Disguise,,,55,90,80,50,105,96,,,Rental,
369,Relicanth,,,,Water,Rock,base,Swift Swim,Rock Head,Sturdy,100,90,130,45,65,55,,,Rental,
336,Seviper,,,,Poison,,base,Shed Skin,,Infiltrator,73,100,60,100,60,65,,,Rental,
874,Stonjourner,,,,Rock,,base,Power Spot,,,100,125,135,20,20,70,,,Rental,
777,Togedemaru,,,,Electric,Steel,base,Iron Barbs,Lightning Rod,Sturdy,65,98,63,40,73,96,,,Rental,
324,Torkoal,,,,Fire,,base,White Smoke,Drought,Shell Armor,70,85,140,85,70,20,,,Rental,
357,Tropius,,,,Grass,Flying,base,Chlorophyll,Solar Power,Harvest,99,68,83,72,87,51,,,Rental,
776,Turtonator,,,,Fire,Dragon,base,Shell Armor,,,60,78,135,91,85,36,,,Rental,
335,Zangoose,,,,Normal,,base,Immunity,,Toxic Boost,73,115,60,60,60,90,,,Rental,
